text,emotion,batch20_label,batch1_label
زوداشکم درمیاد مخصوصاوسط دعوااگه یکی سرم دادبزنه خیلی جاها ج داشتم ولی بغضم نزاشته بگم ازین حالت خودم متنفرم نمیدونم براچی گریه مکنم دقیقا ,hate,sadness,hate
از این جوجه فعالین سیاسی روزنامه-خبرنگار اصلاح طلب حقوق بشری متمدن نماها متنفرم و اون ارزشی نادون رو ترجیح میدم بهشون.از اون لحن و لبخندهای شخمی از اون ادعای فضل پیرمردیشون متنفرم که تو دایرکت یا جاهای دیگه درون کثیف و بیمار و دروغگو و هَوَلشون میزنه بیرون.,hate,hate,hate
جایگاه سلامتی با هیچی قابل قیاس نیست! اما هرکی گفت پول خوشبختی نمیاره یا بیپولی بدبختی نمیاره از طرف من یه پس گردنی بهش بزنید که هنوز بالا و پایین زندگی رو ندیده و نچشیده بیخودی و ندانسته نظر نده!,anger,anger,anger
انقدر خندیدم که اصلا غم شب رو شست برد! ای تف بر پدرت:)) …,happiness,happiness,happiness
من زن زندگیت نیستم ولی دوستت دارم:(,sadness,sadness,sadness
از آقای #آذری_جهرمی بایست سپاسگزار بود بابت اعلام صادقانه عدم موفقیت پروژه ماهواره بر پیام علیرغم توئیت های نامناسبی که به اشتراک گذاشتند. پذیرش شکست اولین گام موفقیت است.,happiness,happiness,happiness
گفت دیوانه وار دوستت دارم ... ولی من چه ساده بودم که نفهمیدم به دیوانه اعتباری نیست...,sadness,sadness,sadness
دمت گرم اين مستند نشون داد كه چقدرجمهورى اسلامى از يك شير زن ترس دارد بهت افتخار ميكنم مسيح عزيز ?????????❤️❤️❤️,happiness,happiness,happiness
 واقعا از تک فرزندیم متنفرم...     خون میبارد,hate,hate,hate
"تو هر شبکه اجتماعی ک میری میبینی مردم دارن همو میخورن، یا دارن فحش میدن یا انتقاد نابجا همه افتادن به جون هم بسسسه بابا چتوونه چتوووووونه چیکار دارین به بقیه!!!",anger,anger,anger
 اونا آدمایی تو زندگی داشتن که ارزش داشت بخاطرشون جوون بدی . الان من بخاطر کی جوون بدم ؟؟همه آدمای اطرافمون دروغگو و بدچشم و حسود و عوضی و...,anger,sadness,sadness
عجب تمثیلی ,surprise,surprise,surprise
چه عجب یکی منو فهمید ,surprise,happiness,happiness
تازه ممکنه چیزایه دیگه ام بگیم ,surprise,surprise,surprise
شما مگه میتونید   ؟,surprise,surprise,surprise
اعصابم از دست خودم خورده حتی جزوه های خودمو هم نمیتونم بخونم تو امتحانات هم استاد همیشه بهم میرینه که بد مینویسم یعنی در حال حاضر مهم ترین کار زندگیم همین درس خوندنه که اونم بلد نیستم واقعا استرس مضاعف میده,anger,fear,fear
خوب چی میشه.. جنه خیاطی دوست داره.  بالاخره باید از یه جایی شروع کنه :)  (وی از این به بعد می ترسد به چرخ خیاطی اش دست بزند ),fear,fear,fear
الان کجاش خنده داشت,surprise,anger,anger
چمدان دست تو و   ترس به چشمان من است...  https://t.co/XqtcgTOrxR,fear,fear,fear
تولد داریم اونم دوتا تولد ....  بابا و داداشم هردوتا ١/١ بدنیا اومدن   کلی فردا هم عید داریم و سال تحویل و هم تولد بازی   البته هر سال داریم  ,happiness,happiness,happiness
"از جشنواره امسال کم کم دارم میفهمم که دیگه پیر شدم، سنم رفته بالا، واقعا شدم سال به سال دریغ از پارسال. یه فیلم میتونم در طول روز ببینم. فیلم بعدی به تپش قلب میگذره و اینکه از صندلی بیام جلوی در روی زمین بشینم فیلم ببینم! آخر هم نصفه فیلم انصراف بدم و بیام خونه!",sadness,sadness,sadness
"درودوهزار درود به رفیقای توییتِروم مِدنوم خیله سخته ،ولی جانه عزیزتا تا متنن خوش باشن وشادی دُرست کُنن غم به دلتان راه نَدِن قسم موخورُم شادیتان نزدیکه ،گور پدر هرچه غمو مُلایه روز عشاق نزدیکه ،مبارکتان بَشه",happiness,happiness,happiness
مادرم سازنده ترین انسانی ست که من تا حالا دیدم.اون دنیای منو ساخت و زندگی منو رنگ شادی و موفقیت بخشید.مادرم همیشه یاور من بوده وهست ونظرات وحرف های سازنده اش مسیر زندگی منو هموارتر کرد.سنگ صبورم مادرمه.همه کسم مادرمه.خدا همه مادرا رو حفظ کنه?آمین,happiness,happiness,happiness
دخترانی به نام مروارید مادرانی به نام صدف شعرهایی که میتوانی از دریا بگیری غم هایی که میتوانی به دریا بریزی جنوب معشوقه ی من است,happiness,happiness,happiness
کار سروش صلواتیان برای شاد کردن بچه های جازموریان واقعا ستودنیه. بقول سروش شایداز نظر منوشما این اتفاق خیلی ساده و پیش پاافتاده باشه اما این نمایش دل کلی بچه رو شاد کرد. جازموریان یکی از محرومترین مناطق درکشور است. #جازموریان_تنها_نیست,happiness,happiness,happiness
"مث یه مردچهلساله که وسط مهمونی فامیلی و صدای همهمه و خنده، از بین لباسهای نو و صورتهای آرایش کرده، چشمش میفته به صورت زیبا و لباس ساده و ارزون همسرش و همهمهها براش نامفهوم میشن درحالی که عشق به همسرش خونِش رو به جوش میاره، از خودش متنفر میشه که همسرش لیاقت زندگی بهتری رو داشت",hate,sadness,sadness
"اگه انسان موفقي شُديد، تو يه حرفه اي متخصص شُديد، يه علمي رو خوب ياد گرفتيد، يه جوري نباشيد كه بقيه از ترس گفتن چيز احمقانه اي پيشتون، ترجيح بدن باهاتون صحبت نكنن يا سوالي نپرسن.",fear,fear,sadness
قربون صدقه رفتنا هم عوض شده به طرف میگه:خر وحشی دوست داشتنی طرف هم حال میکنه :-)))),surprise,happiness,happiness
"تا حالا چند بار این سؤالو دیدم که تو تاریخ چطوری از ما یاد میکنن؟ به کییییرم که تو تاریخ از ما چه طوری یاد میکنن. وقتی زیر خاک کرما دارن بهت تجاوز میکنن، چه اهمیتی داره که چطوری ازت یاد میکنن؟",anger,anger,anger
-یه روز پاشدم دیدم تو آینه که دقیقا همون چیزیم همیشه ازش بدم میومد! +خب -افتادم... …,hate,sadness,sadness
آدم تا آخر عمر میترسه تو هر زمان از یه چیز زمانی دیگه نمیترسی که زندگیت تموم شده باشه ,fear,fear,fear
عجب قمر در عقربیه مملکت ???,surprise,sadness,sadness
چقد همه چیز از صبح ترسناکه..  بیچاره مسافرای پروازی که میرفتن خوشبخت بشن ... ,fear,fear,fear
حكومت دروغ و ريا و غلو ودزدي وشرارت و پستي و ويرانگري و انسانيت زدايي و جابه جايي ارزش و ضد ارزش در جامعه و ضد فرهنگي و بيسوادي و ظلم به مظلوم و تكريم ظالم و بي هويتي زنان و فحشاي فكري و رسوخ فساد در خانواده و قتل باسواد  و فرار مغز و ظهور فقرو..... سواد ميخواست؟,anger,anger,anger
به قدری آگاهی جامعه پایینه که وقتی به یه دختر بچه یا خانوم تجاوز میشه از ترس سکوت میکنه و تا ابد بار سنگینی از اسیب های روانی رو به تنهایی و بدون درمان به دوش میکشه #امنيت_اجتماعي_زنان,sadness,fear,fear
تلخ ترین گفتگوی زندگیمو داشتم. لعنت به زندگی...,sadness,sadness,sadness
"کجایند مدعیان ارزشها که هروقت ملت به حکومت اعتراض میکرد پای شهدای جنگ را به میان میکشیدند و میگفتند معترضین وطن فروشند و ما فلان قدر شهید دادیم که یک وجب از ایران به دست بیگانه نی افتد؟الآن #دریای_خزر به دست بیگانه افتاد،پس چرا خفه شدهاند یا دارند ماستمالی میکنند؟ #خزر_پر",anger,anger,anger
خواسته های دست نیافتنی اعصابم رو اونقدری خورد نمیکنن که خواسته های دیر دست یافتنی میکنن,anger,sadness,sadness
"یک آقایی که دوماه پیش بیمار شده بود امروز مُرد، چون پول هزینه عملش رو نداشته(ایران) شما اینجا هر بیمارستانی بری که نیاز به عمل داشته باشه، به صورت عالی بهت رسیدگی میکنن و نهایتا یک صورت حساب میاد درخونه که قسطی هرچقدرکه در توانته قسط بندی کنی. (US) #IranRegimeChange",sadness,anger,anger
از اکثر کارفرهنگیهایی که برای حجاب میشه بیزارم:) ایضا توییتهایی که زده میشه:) #صبح_شما_هم_بخیر,hate,hate,hate
تو كتابخونه يكي بغلم بود و داشت بلند حرف ميزد برگشتم تا تذكر بدم ديدم استاد بيوشيمي ترم اولم بود:/ هيچي ديگه پشم ريزون به درس خوندنم ادامه دادم.,fear,fear,fear
"گزارش عالی ""الناز محمدی"" از روزنامه شهروند درمورد وضع اسفبار زندگی نخبه های دانشگاهی. نخبه هایی که قربانی ""کالاسازی آموزش در ایران"" شدند...!",sadness,sadness,sadness
تخم جن مگه نبودن؟   تخم سگ فحش خیلی بدیه ها  ,surprise,hate,hate
دو صبح متوالی راننده تاکسی اعصابم جویید که چرا پنج تومانی دارید و خرد ندارید. این تخلیه و غر زدن روزی تمامی دارد؟,anger,anger,anger
⁦ ⁩  فقط چون از کرفس بدم میاد :)),hate,happiness,happiness
شما ببین یووه چه قد چرک و نجسه ک تو ایتالیا هوادارای همه تیما هشتگ #JuveOut رو کار کردن تا اعتراض خودشونو به این غده ی نجاست نشون بدن,hate,hate,hate
"روح آدم را میجوند تا حرف خودشان را به کرسی بنشانند! نه به عشق فکر میکنند نه به گذشتهها و یادشان نمیآید که روزی روزگاری گفتهاند: ""دوستت دارم!""",sadness,sadness,sadness
آرش جان شرمنده که هیچ کاری نمی تونم برات انجام بدم و احساسم هیچ فایده ای برای شما نداره اما بخدا قسم که وجودت برای ما فایده و من از شما و خودم و وطنم شرمگینم,sadness,sadness,sadness
"صبح دیر بیدار شدم، اسنپ گرفتم بهش گفتم آقا من میخوام هشت و ربع فلانجا باشم گفت باشه. وسط راه در حالیکه داشتم از وحشت سکته میکردم گفتم آقا من غلط کردم هیچ اشکالی نداره دیر برسم یکمی یواشتر برین لطفا که فرمودن خواهر من یه یاعلی به شما گفتم باید پاش وایستم، یکمی تحمل کن :)",fear,fear,fear
چندی پیش با یک کارگر شهرداری کاشان حرف میزدم. گله داشت که چندماهه حقوقمونو نمیدن و شرمنده خانوادهام هستم و چندین ساله یک جفت کفش نگرفتم و.... امروز خوندم که نماینده شورای شهر کاشان گفته ۱۲میلیارد تومان پول حقوق کارگران رو شهردار بالاکشیده! از شدت خشم نوشتنم نمیاد...,anger,anger,anger
برای اولین بار صدا سیما چیزی پخش کرد که باید با آب طلا نوشت و بر در و دیوار قاب گرفت! درود بر شجاعت کارشناس شبکه ۴!,happiness,happiness,happiness
 اوووه چقدر نوشتیا عجب حوصله ایی داری,surprise,happiness,happiness
"ممنون بزرگوار،روزتون زيبا ",happiness,happiness,happiness
بیائید با نظاره کردن تاجزاده و امثالهم درد ادمیان و زشت بودنِ چهره اصلاح طلبان را بررسی کنیم تا از ان متنفر شده و فاصله بگیریم :    ,hate,hate,hate
چرم‌مشهد مگه اونجا شعبه نداره؟ ,surprise,surprise,surprise
"بين مردا فعال درست حسابى داريم آيا يكم به مردا آموزش بدن توى ايرانى ها مثل سمانه سوادى و سوده براى زنان ؟ اين حجم از مريضى جنسى نرمال نيست و اين فرهنگ تجاوز ,واقعا يعنى يه اكتويست مرد پيدا نشده احساس نياز به تغيير رو فهميده باشه ؟... امروز يه ويديو ديدم حالمو خراب كرد #تجاوز",sadness,anger,anger
پیام فروتنانه ای که با تواضع به قلب ها رسوخ میکند و به نوشته ام وارد میشود #مريم_رجوي سمبلی برای زنان جهان است و بزرگترین موفقیت او ایجاد رابطه ای منسجم و برادرانه در سازمان مجاهدین است الأديبة نورة طاع الله #FreeIranWithMaryamRajavi #IStandWithMaryamRajavi #Iran …,happiness,happiness,happiness
درود بر خانم #مريم_رجوي مدافع سرسخت حقوق مردم ایران برای رسیدن به آزادی و دموکراسی و حاکمت مردمی . #IStandWithMaryamRajavi #FreeIran ⁦ …,happiness,happiness,happiness
از این حالتی که همیشه اولین روزای بعد تموم کردن کار سنگین رو باید به مرتب کردن و شستشو و تمیزکاری بگذرونم بدم میاد. اه اه اه!,hate,hate,hate
"با بچه دوستم رفتیم توی حیاط آدم برفی درست کنیم ،یه هو می ایسته و گوش می ده ،بعد می گه خاله صدای خنده آدما می یاد، راست می گه بچه ،مدتها بود صدای خنده مردم رو نشنیده بودم ،می ایستم کنارش و به صداتون گوش می کنم ،کاش همیشه بخندین .",happiness,happiness,happiness
"امروز رفتم فیلم مارموز رو تو سینما دیدم، توقع لحظات خنده دار بیشتری ازش داشتم، در کل بیشتر اعصابم خورد شد و نپسندیدمش",anger,anger,anger
"دو سه تا کامن، دو سه تا سم پودری، ولی نسل سوسکای این خونه رو فقط آرش ور میاندازه که پیداش هم نمی کنم. هر بار هم کامن میزنم، تا دو روز عطسه و آبریزش بینی ! من با این ریهی داغون میمیرم از این سمها، ولی سوسکها نه :/ اعصابم داغونه :((",anger,anger,sadness
اصلا نمیترسم حس خوبی بهش دارم ,happiness,happiness,happiness
چه فال خفنی گرفتی  شماره کارت بدید  ,surprise,happiness,happiness
لعنت به شما آخوندها که همیشه در مقابل مردم و سرکوبگر هستین. #تظاهرات_سراسرى,anger,hate,hate
همیشه ازین صبوری خودم ترسیدم  ,fear,fear,fear
"خب من رسما از یک نفر متنفرم،چون از گربه بدش میاد از صبح شروع کرده رو مخ من راه رفتن؛شپش میگیری،کزاز میگیری،کک داره ،درد داره،مرض داره و اینقدر تکرار کرده که تا سرم میخاره میپرم جلوی آینه نگاه میکنم یه وقت شپش نگرفته باشم... عوضی ازش متنفرم بهش گفته بودم منو رو یه چیزی حساس نکن",hate,hate,hate
عجیبه امار کتابخونی تو این نظرسنجی انقد بالاس. مث ک تنها کسی ک تو این مملکت کتاب نمیخونه منم ,surprise,surprise,surprise
من ۱۰۰ تا دارم و خیلیم ماهن همشون سوز به دلت  ,happiness,happiness,happiness
نترس میخونه ملت دیگه خواب رو از چشمانه اینها گرفته عقربه های ساعت دارن تیک می‌کنند  ,fear,fear,fear
" منگنه کوبشم انگار گاردستیما خشم داریم خشمی طوفنده هرگز ازاین موضع پایبن نمیاییم تا نابودی ملا، سپاهی، بسیجی، سنت و خرافه ۱۴۴۰ساله. #بسیج_بلاهت_علیه_عبدالرضایی #اسماعیل_بخشی_پایان_اهریمن #حزب_ایرانارشیست",anger,hate,hate
از مراسم #خاکسپاری بیزارم. لعنت به هر مشت خاکی که به روی جانِدلی ریخته میشود که کمک کند تا باور کنی زندگی گاهی چه بیرحم و ترسناک است.,hate,hate,hate
به زودی خونها به جوش می آیدخشم در سینها فواره میزند نعرهای جوانان هر جنبنده ای را به وحشت می اندازد سر ملاها و مزدورانشان در خیاباهناها دیده میشود اینجا ته خط یا بیاید بسوی مردم و یا اشهدتان را بخوانید #ملابچه_رو_کی_می #ملارانی_کامیونها #بازداشت_ایرانارشیستها_بس,anger,anger,anger
"چون اعصابم از حرفهای ترامپ و هراس مردم خرد شده بود، برای خودم چلوکباب سفارش دادم و خوردم. پونزده تومن از تو ستارخان. تا چلوکباب هست ایران هم هست",anger,happiness,anger
امروز دوباره بهم یادآوری شد که چقد از دخترا بدم میاد البته منظورم جمع دخترونه ست اونم وقتی که نزدیک باشن و صدا و حرفاشون رو مخت باشه (نکته: خودم تو جمع نیستم),hate,hate,hate
کمدام کرمی هستن   ازشون متنفرم  @weareoneEXO  @layzhang  #EXO,hate,hate,hate
"ترسناک تر از تحریمها و بالا رفتن نرخ ارز، پیر شدن جامعه است. ما در سالهای آینده شوک پیری جامعه رو خواهیم چشید و راهی برای برون رفت از این اتفاق نداریم جز با بالا بردن سن بازنشستگی و این یعنی یک حرکت به عقب در تعامل استراتژی امروز در به کارگیری مدیران جوان در دستگاههای دولتیست",fear,fear,fear
"از این دو پیشنهاد برای بررسی، یکی به شورای عالی امنیت ملی ارجاع شد و دیگری به کمیسیون فرعی اقتصاد. این یعنی یکسال از دست دادن زمان #بودجه",sadness,sadness,sadness
ی جور مفتضحی مردم انتظار راستگویی و جواب درست از اینا دارن انگار نه میلیارد و من گم کردم  وا بدید,surprise,anger,surprise
زیرا مشتی بزنم در دهن استکبار شاه حسن و اون یکی #آشنا شون  ,anger,anger,anger
متنفر بودنو بلد نيستم ولي... صبح كه شد ديگه برام اهميتي نداري,hate,sadness,sadness
از اسانس موز و توت فرنگی متنفرمممم ,hate,hate,hate
نمیدونم چرا البته کیفمو زدن ها  هنوز ترسشو دارم,fear,fear,fear
عجب سعادتی داشتی  ,surprise,happiness,happiness
 پشیمون شدم از توییت کردنش  نترسونین,fear,fear,fear
از اسلام متنفر شدم,hate,hate,hate
"زمان پهلوی ساواک شایعه میکرد که در منازل هم شنود دارد(طبق شنیده ها)تا مردم جرات ابراز نظر در خانه خود را هم نداشته باشند و امروز جمهوری جنایتکار اسلامی هم همین بازی رو در پیش گرفته،نظام بخاطر وحشت از مردم توسط عوامل خودش این چرندیات رو به خورد مردم میده تا ایجاد ترس کنه.شک نکنید",fear,fear,fear
"ابوالفضل باغگلی،عرفان زیدآبادی و امیرمحمد مختاری اعضای تیم کیک بوکسینگ پرشین کرمان امروز برای مسابقات کشوری و انتخابی تیم ملی راهی اصفهان شدند برای موفقیت بچه هامون دعا کنید #پرشین #جمعیت_امام_علی #کرمان",happiness,happiness,happiness
بدم میاااااد از چاپلوسی ,hate,hate,hate
فكر مي كنم خيلي اوقات و ترس هم دارم اما نمي دونم چرا آدم نميشم ! ولي باز به لطف و كرمش اميد دارم . از حق الناسها و غيبتها مي ترسم  ,fear,fear,fear
"جمعه ها باید که فارغ شد از این شهر شلوغ فرار کرد از قیل و قال غروب جمعه یعنی کاش زودتر برگردی تا این بغض های رسوب شده در گلو ، برای همیشه ترک مان کنند جمعه ها یعنی غصه ی ندیدن روی ماهت #اللهم_عجل_لولیک_الفرج",sadness,sadness,sadness
من که بدم میاد ازش  ,hate,hate,hate
راهنمایی خوبی بود ,happiness,happiness,happiness
مهم نیست که اشتباه کنیم یا کامل نباشیم ولی فاجعه است اگه از ترس اشتباه کردن حق زندگی کردن رو ازخودمون بگیریم.,fear,fear,fear
"و اگر شما نتوانید یا نخواهید در این قالب درآیید شما رو به حاشیه میندازه و به شما القابی میچسباند و در فرهنگ شما را به عنوان یک عنصر نامطلوب بازنمایی میکنه، القابی چون بچه داهاتی، بچههای پایین، شهرستانی، یهودی، ضایه و غیره",sadness,hate,sadness
عجیبه. پس چرا من قهوه میخورم بیشتر خوابم میگیره ,surprise,surprise,surprise
تو دلم قند آب میشه وقتی تصور میکنم که امشب قراره تو خیابون شادی کنن و برقصن,happiness,happiness,happiness
بارهای زیادی بازار تهران رفتم ولی هر بار که میرم فقط یاد اون باری میوفتم که یه عصر سرد زمستونی پنجشنبه وقتی خیلی غمگین و دلتنگ بودم تنهایی رفتم اونجا. تو بازار و مسجد امام قدم میزدم و تصور میکردم که وسط نقش جهانم. بعدشم به رسم روزهای اصفهان یه شیرکاکائو داغ خوردم با یه عالمه بغض,sadness,sadness,sadness
کامااااان   واقعا اینجوریه؟؟؟؟,surprise,surprise,surprise
 چه تعبیری ممنونم,happiness,happiness,happiness
باند چیچیه.  ما که فقط نقد فیلم و فلسفه میکردیم.  من فحشامو جای دیگه میدم!     ,anger,anger,anger
#شرکت #هواپیمایی #ایرتور وحشتناک قیمت بلیطهاش رو برده بالا. اصفهان اهواز شنبه سیصدتومان تهران اهواز امروز سیصدتومان. وووو,fear,anger,anger
چهار شنبه سوری فقط قاشق زنیش کلی تفریح در میاد,happiness,happiness,happiness
ممنونم  من چون تاحالا جایی مشغول نبودم همه ش ترس از کار دارم و اینکه روزمه مو مسخره کنن یا هیچوقت مورد قبول واقع نشه ,fear,fear,fear
چقدر ناراحت شدی؟سوال درستی پرسید دیگه,surprise,sadness,sadness
"زندانی سیاسی مجید توکلی، طرفدار تحریم ایران و سردسته ی اهانت کنندگان به مقدسات تو نشریات دانشجویی و یکی از لیدرهای اصلی فتنه ۸۸ که موقع فرار با لباس زنانه دستگیر شد.حالا شده ایده پرداز رسمی شورای شهر تهران! ما به خیانت مسئولین عادت کردیم یا مسئولین به حماقت ما؟!",surprise,hate,hate
یه وحشی رو دختر مردم تو اصفهان اسید ریخته حالا قرار شده پول دیه دخترارو از محل بیت المالی که امثال من با پول مالیات سرمایه شو تامین میکنیم پرداخت شه. چرا من و امثال من باید تاوان غلط کاری چندتا عقب افتاده رو بدیم؟,anger,anger,fear
"فیلم ترسناک فقط اون لحظهای که لب خالیه و هیشکی نیست، یهو صدای پرینتر میاد!",fear,fear,fear
" اسلام وقتی تموم شد اون محمد گجستک از ترس اینکه خزعبلاتی که بافته بود رو مردم نفهمن دستور بقتل مخالفانش میداد..برو ترورهای صدر اسلام رو بخون،وقتی حقیقت کشف بشه کسی متعصب نمیمونه،اسلام دیگه تو قلب کسی نمونده، رو کاغذ که خیلی چیزها میمونه..",anger,hate,hate
"دیگه باید تعارف را کنار بگذاریم و تکلیف خودمان را با دو جناح اصلاح طلب و اصولگرا روشن کنیم. دیگر گذشت دوران مدارا کردن، دیگر گذشت دوران یکی به نعل زدن و یکی به میخ زدن، آنها آنور خط هستند و ما اینور خط. با انتقاد مودبانه به بزرگ و کوچکشان رحم نخواهیم کرد. تمام....",anger,anger,anger
"می‌دونم    ولی رنج زنان قدیم برام غیر قابل تحمله، گاهی اوقات میترسم که نکنه همسر آینده منم اینجوری باشه ",fear,fear,fear
رامتین خودمون؟؟؟ ,surprise,surprise,surprise
"عباس زائری نویسنده، فعال زیستمحیطی و چهره فرهنگی اجتماعی میناب درگذشت. او باوجود معلولیت جسمی فردی فعال در عرصههای مختلف بود. پوشیدن کفن و رفتن به درون یک فروچاله در اعتراض به برداشت بیرویه از منابع آبی میناب، یکی از اقدام نمادین او بود که در رسانهها بازتاب زیادی داشت.",sadness,sadness,sadness
آقا من دهه هشتادی ام تتلو گوش نمیدم  دوستامم هم از این بشر متنفرن :|||| چرا همه جا میگن ما طرفدارشیم؟,hate,hate,hate
"#امام_خامنه_ای بااشاره به رسوخ روحیه استقلالطلبی جوانان ایرانی در سایرکشورها افزودند:مردم وجوانان عراقی،سوری، لبنانی،افغانستانی، پاکستانی و... مچ به علت سیطره طلبی و اهانتهای امریکا از آن متنفر هستنداما مقامات امریکایی ناتوان ازدرک علل این تنفر،آن را از چشم ما میبینند. #USEnd",hate,hate,hate
اصن کینه ای نیسم حتی گاهیم خودم از این خصوصیتم عصبانی میشم چون گاهی واقعا لازمه. ولی هرکار میکنم نمیشه ,anger,anger,anger
"ديشب يه خوابِ خنده دار از صدرا و شايان ديدم، به حدي داشتم پاره مي شدم كه بيدار شدم، يه دقيقه خنديدم و به خواب بازگشتم! =)))))",happiness,happiness,happiness
"تو کتاب رهبر عزیز وقتی نویسنده از کره شمالی فرار میکنه، اولین چیزی که تو روستاهای عقب افتاده هممرز با کره تو چین حس میکنه تفاوته. از این که به جای عکس رهبر تابلوی یه زن به دیوار یه خونهس تعجب میکنه. از اینکه مدل موهای همه مثل هم نیست تعجب میکنه. هربار بهش فکر میکنم ترسناکه قضیه",fear,fear,fear
من کتاب سیاحت غرب و رو خوندم بعدشم سی دی رو دیدم   تا ی سال سر ساعت نماز خوندم   از ترس شب اول قبر   بعدش یکم بزرگتر شدم فهمیدم هممون سر کار بودیم فرقی نداره چه دینی باشه همه از دم سر کاری بودن,fear,fear,sadness
من از این حجم‌‌ از بی تفاوتیِ خودم دارم میترسم ,fear,fear,fear
گفتم یه روزی بی خبر از پیش من میره گفتم گلوش گیره منو گردن نمیگیره هرباری که یادم میای انگار میمیرم... لعنت به تو! آدم مگه چن بار میمیره عاشق که نه...اما نفهمیدی دوسِت داشتم! #اهورا_فروزان,sadness,sadness,sadness
از این مامانایی که بچه هاشونو مدل میکنن بدم میاد بابا بچه باید بچگی کنه ولش کنین به خاطر معروف شدن خودشون چقد بچه هاشونو اذیت میکنن,hate,anger,anger
"تو شرایطی که فکر می کردم دیگه نه هیچی می تونه منو خوشحال کنه نه ناراحت , پدر خیلی خوشحالمون کرد دمشم گرم",happiness,happiness,happiness
"یعنی واقعا آخوند اینطوری عجیبه بهش میگم فلان ادله فقهی رو بیا بحث کنیم میگه من تحقیقاتم فلسفه غربه یک ساعته داره دنبال کسی میگرده تو ادله فقهی بحث کنه باهام، که اگه اون جواب نداد بریم پیش استاد خارجفقه!!!!!",surprise,anger,anger
 زشت تویی..زر نزن..دهنتم ببند..دوس دارم نظر بدم فضولی مگه,anger,anger,anger
اين ترامپ عجب گوساله است اول ميگه تروريست نيشن بعدش ميگه ميخوايم به مردم ايران كمك كنيم ! واقعاً باورم نميشه آمريكا همچين ابله اي كه نميتونه يه سخنراني ساده بدون سوتي انجام بده رو به رياست جمهوري انتخاب كرده !,surprise,anger,anger
يعنى قهوه اى رنگ نيست؟؟؟   ,surprise,surprise,surprise
بخشی از کتاب رو خوند سرش رو بالا آورد یه نگاهی از سر ترس به من کرد و با سرعت از من فاصله گرفت و دورتر ایستاد,fear,fear,fear
 لطفا زیپ دهانت رو ببند. بوی گندش توئیتر رو برداشته ,anger,hate,hate
متاسفانه در داخل کشور هم شاهد پديده عجيبي هستیم که برخی كه فرياد استكبار ستيزي آنها گوش فلك را كر كرده است از سر خود باختگی يا خود کم بینی نمی توانند تصور کنند که ایرانی ها بتوانند در عالی ترین سطوح جهانی وارد مذاکره شده وحقوق ملی خود را به دست آورند.,surprise,sadness,sadness
حرص نخور فرناز جون...هرروز یه گام پیشرفت میکنن ,happiness,happiness,happiness
خداییش یدونه ای رفیق       مثل همیشه شرمندم کردی   ,happiness,sadness,sadness
هرشب با دست خالی میریم به جنگ خاطره ها و صبح که پامیشیم خستگی یه جنگ نابرابر رو دوشمون سنگینی میکنه,sadness,sadness,sadness
غذا مگه کرم میزنه ؟!!! ,surprise,surprise,surprise
من یه جوان متولد۱۳۶۳هستم یعنی به۳۵سالگی قدم میزارم به خداقسم منم دوس دارم ازدواج کنم تشکیل خانواده بدم تویه شرکت خصوصی کارمیکنم ماهی۱۲۰۰۰۰۰حقوق میگیرم هنوزنتونستم ازدواج کنم جزترس وافسوس توزندگیم نیست به نظرتون اینه اسلام؟؟واقعامتاسفم,sadness,sadness,sadness
بیخیال بابا اینا هولن ,anger,anger,sadness
خدایی منم همین فکر رو دارم کاری به سر ملت آوردن که آخر آرزوش مرگ شده  ,sadness,sadness,sadness
رسول خدا(ص): لعنت خدا بر کسی که جانوری را (به جایی بسته) با پرتاب چیزی هدف قرار دهد.(بحارالأنوار) تو خود حدیث مفصل بخوان از این مجمل #جلادان_محیط_زیست,hate,hate,hate
از اساتيدي ك ريز نمره در ميارن متنفرم! يادته ي بار شديدا حالت بد بود و نرسيدي فلان كار رو انجام بدي؟ الان نمرش رو از تومقعدت ميكشم بيرون بابا دهنت سرويس! فرصت جبران بده! شرايط همه يكسان نيست,hate,anger,anger
"آدمِ خوشگلوخوشاخلاق ر همه دوست دارن؛ تو اگه زرنگی منو دوست داشته باش... که فقط ""دوستت دارم""",happiness,happiness,happiness
پرسپولیس تا میگوزه AFC جریمه اش میکنند. حالا ببینیم مسئولین پرسپولیس مثل کیروش جرات اعتراض کردند به بی مدیرتی دارند!,anger,anger,anger
دوستان واسه اینکه روی مجاهدین خلق کم بشه لطفا در این نظرسنجی شرکت کنید در صورت امکان #ريتوييت_لطفا تا دوستان بیشتری شراکت کنند آیا شما از مجاهدین خلق متنفر هستید,hate,hate,hate
"عيدي نظام به ايرانيان #بازداشت #نسرین_ستوده ،احسنت به اين وقت شناسي،چند روز پيش كه نسرين را ديدم از كنكور مهرآوه گفت و اينكه خوشحال هست كه در اين سال سرنوشت ساز كنار مهرآوه بوده حالا چند روز به كنكور باز مهرآوه ماند و خانه اي در حسرت مادر #زندان",sadness,sadness,sadness
همشون رفتن سراغ در و داف واقعا عجیبه که آب روغن قاطی نکردن,surprise,surprise,surprise
یکم ترس داشت   ولی خوب بود,fear,fear,happiness
"اتفاقا واسه همشون ""شب بیست و نهم"" ئه. همون فیلم ترسناکه! یه هفته خواب نداشتم بعدِ دیدنش  ",fear,fear,fear
من هستم  مامانم هستن  مامانش نیز هم   سه نسل زن یه خونواده  هر سه بچه بزرگ  هر سه لجباز و یه دنده  هر سه یکه و تنها  هر سه زندگی های عجیب   امشب قرار سه نفری سال رو تحویل کنیم  چه شود سال ۹۸   چهار نسل بشیم‌ ایشالله ,happiness,happiness,happiness
#روز_خبرنگار تبریک و تهنیت ندارد تنها غم دارد و یک دنیا آه من #خبرنگار نیستم بلکه یک #روزنامه_نگار هستم! این روزها همه اخبار را نگارش میکنند و توزیع؛کسی #شهامت ندارد #واقعیت_ماجرا را بازگو کند... #قلم_بدست_مزد_بگیر خبرنگار نیست تنها مزدور است,sadness,sadness,sadness
"انسانيت بايد شرم كند ؟ كه ببيند و فرياد بر نياورد در زندان، با بیماری دیابت و مشکل قلبی ولی محکم و استوار مثل کوه داغ تسلیم شدنش رو به دل زندانبان گذاشته درود بر عزمش #SaveArzhang",sadness,sadness,sadness
فن مترو خراب بود. ملت داشتن غر میزدن. آقای میانسالی گفت: وقتی تو مدرسه به بچهها تجاوز میکنن توقع دارین مترو همهچیزش سالم باشه! #مترو,surprise,anger,anger
"اومدم بنویسم کنسرت، اینجوری شروع کردم: «کونس» و وحشت کردم.",fear,fear,fear
خیلی مسخره است  ,hate,surprise,surprise
بابا اعصابم خراب شد ,anger,anger,anger
"اینجا یه ساحل پر از زباله نیست، اینجا کمپ آوارگان سوری در مرز اردن است. لعنت به کسانی که با حیلهی خلع سلاح میخواستن مردم ایران را آوارهی بیابانها کنند.",hate,hate,hate
يه چند وقته عصبي شدي ,surprise,anger,anger
خداوند روح امدادگران اتشنشانی تهران را که .با شجاعت وبی باکی بی نظیر  برای نجات مردم وحادثه دیدگان جان عزیز شان.را. فدا تمودند .قرین رحمت واسعه خود نماید..آمین .روحشان شاد یادشان گرامی وجاوید باد .,sadness,happiness,sadness
 چرا اخه؟ ,surprise,anger,surprise
"چند روزیه که یه خشم پنهانی تو وجودم هست، منتظرم یکی اذیتم کنه خالی کنم سرش، ولی متاسفانه هیچکس نیست.",anger,anger,anger
میپرم بهش جوری که اگه از خودم متنفرش نکنم امتیاز اون مرحله رو از دست دادم ,hate,hate,hate
 ازش متأسف نباش عزیزم!!!,sadness,happiness,happiness
این ترس خیلی خوب است. چهار پنج تا تشک بذار رو هم از پشت بام بپر روشون.  خیلی حال میده  ,happiness,happiness,happiness
از اینایی که میان تو برنده باش از گزینه ی کمکی استفاده نمیکنن متنفرم,hate,hate,hate
به قهقرا رفتن روند تایید صلاحیت شورا نگهبان و ورود نمایندههای نالایق و بیسواد رو با دیدن سخنرانیهای مجلس ششم با مجلسهای بعدی میشه با تمام وجود حس کرد! واقعا دردناکه! باورم نمیشه بلایی سر مجلس آوردن که برای من عجیبه چه طور یه نماینده تو صحن مجلس میتونسته از رهبری انتقاد کنه! …,sadness,sadness,sadness
سردرد داره تجاوز میکنه,sadness,anger,anger
"8 تیر 91 بود... خیلی روزهای بد و پرفشاری بودن! هم قبلش و هم بعدش! چقدر استرس به خودم و خانوادم وارد شد! تا مدتها بهش فکر میکردم و فکر میکردم دنیا به آخر رسیده.... دنیا به آخر نرسید، موفق هم شدم (شاید)، اما خیلی از روزهای خوشم به غم کنکور گذشت! در بهترین سالهای عمرمون! #کنکور",sadness,sadness,sadness
"خشونت خانگی اروم ترین و خونسرد ترین و طولانی ترین قتلیه که تو جامعه رخ میده. هر روز با کلمه ها و نگاه ها بهت شلیک میکنن که نه صدایی داره،نه خونی. زندانی که ازش راه فراری نیست",sadness,sadness,sadness
جدیدترین چیزی که من شنیدم این بود که یه ایرانی متولد ایران و ساکن آمریکا گفته بود با دانشجوهایی که جدید از ایران میان نجوشید چونکه اینا توی حکومت آخوندی بزرگ شدن و قطعا مغزاشون تحت تاثیر قرار گرفته. به خودم گفتم ای بدبختی ما از اونجا اومدیم بیرون حالا اینجا هم که اینجور :))))))) …,sadness,sadness,sadness
"خودمون, مسئولینمون... همه خوشحال و شاد و خندونیم. هیچی نمیتونه طنازی مارو ازمون بگیره. هیچی ناراحتمون نمیکنه. ملت شاد فقط ایرانی حالا ما که فیلترو دور میزنیم ولی حجم خارجی اینترنت مخابرات چرا 4 برابر حجم داخلیه؟ …",happiness,happiness,happiness
"در تعجبم از برخی مسئولان نا#آشنا که بدون هیچ گونه# آشنایی، حرفهای ناآشنا و خارج از حد و اندازه خود می زنند!",surprise,surprise,surprise
دیر عصبانی شدنم بزرگترین اخلاق بدمه. چون باعث میشه شدید عصبی بشم و حرفای خوبی نزنم ,anger,anger,anger
"ديشب از ساعت٥/٥ از غرب تهران راه افتادم برم تهرانپارس ،ساعت ٨ رسيدم ، فكر عمر از دسته رفته تو ترافيك اعصابم رو خورد مي كرد،اين مملكت نياز به براندازي و تحريم نداره ،سه روز پشت سر هم بارون بباره مملكت از دست مي ره",anger,anger,anger
"رفتم کتاب بگیرم چاپ ۲۰۱۳ شده بود ۲۲ تومن! ۸۰ تا هم بیشتر ازش نبود... فروشنده گفت اوضاع بدی شده. دوستم گفت چیکار میشه کرد؟ گفتم فرار گفت نه ببین دخترم، درواقع فقط مرگ چاره ست. (کاملا جدی بود)",sadness,sadness,sadness
 اینقدر ترس در وجودتون رخنه کرده که قدرت میلیونی مردم را فراموش کردین,fear,fear,fear
در واقع من از تاریکی مطلق تو مکان های ناشناس میترسم ولی مثلا تو اتاق خودم دقیقا شرایطه خواب ایده الم تاریکی مطلق  ,fear,fear,fear
با من بيچاره هم همينكارو كردن...البته من از ٣ سالگي تو مدرسه ها بودم  وتو كلاسا اول تاپنجم دست به دست ميشدم .چون مامانم معلم بود و منم سر زبون دارهمكاراش عاشقم بودن بخاطر همين من از مدرسه متنفرم ,hate,sadness,sadness
بابا مگه در گوشت نگفتم باز  شروع نکنی   شما بفرما پیج من,anger,anger,anger
هزار مرتبه گفتم که : دوستت دارم هزار مرتبه ... این جمله را ... هدر دادم . #حامد_ابراهیم_پور,sadness,sadness,sadness
"اگر به مرور یک چیزی گران میشد خب آدم میگفت صرفاً وضع اقتصادی خرابه، ولی وقتی ظرف یک ماه یا یک روز دلار اینچنین افزایش قیمت پیدا میکنه یعنی قطعا داره یک فساد و دزدی صورت میگیره و سکوت و بیتفاوتی مسئولان مقابل این فساده که زجرآوره.",sadness,anger,sadness
از گه ترين دوره هاي ممكن هم ميشه به زندگي با خانواده در دوران نامزدي اشاره كرد... از هرچي خانواده و پيوند خونيه متنفر ميشي...,hate,hate,hate
منم  وقتای عصبانی شدن یا ترسیدن و استرس داشتن خندم می گیره  گاهی بدتر می شه اوضاع   طرف آتیش می گیره ,fear,fear,fear
از شعار دادن متنفرم با عرض پوزش ,hate,hate,hate
"آره بابا میدونم دنیا پر از زیباییه، میدونم بچه قشنگه، بارون باصفاس، لبخند مادر بهشته و فلان. همهی اینا رو میدونم ولی خب درد هم داره، غم و غصههاشم کم نیست. حالا شما بیا بگو ما وسط این همه قشنگی و درد، وسط این همه زیبایی و زشتی، کجای ماجرا رو نگاه کنیم که دلمون نگیره؟",sadness,sadness,sadness
سرزمینی که در آن: کودکان در مدرسه میسوزند به کودکان در مدرسه تجاوز میشود ممنوعیت ازدواج زیر ۱۳ سال برای کودکان در مجلس رد میشود یعنی امنیتی برای کودکان وجود ندارد جالبه در این سرزمین عده ای دم از ازدیاد جمعیت میزنند!!!! مگر جمعیت آینده را کودکان نمیسازند؟؟؟ #دیکته_آتش,sadness,sadness,sadness
مگه در ارتباطی!؟؟؟؟؟ ,surprise,surprise,surprise
از کودکی به کرد و کردستان علاقه داشتم  از بس که فقط ازشون صفات و رفتار خوب دیدم و شنیدم  ,happiness,happiness,happiness
انصافا خیلی ترسناکه ,fear,fear,fear
 من واقعا هیچ نقصی نمیبینم.-وحید مظلومین اعدام شد! +چرا؟ -چون سکه خرید و فروش کرده بود! +بخاطر خرید و فروش سکه اعدام شده؟! -نه مفسد اقتصادی بود! +تمام جهان دارن اعدام رو برای قاتلین هم برمیدارن اینو چرا اعدام کردن؟ -اه چقد خنگی باید یه جوری یکی رو مقصر بکنن و رو گوهکاریهاشون سرپوش ,anger,anger,anger
"دفعه بعد که یکی از مسئولان در نشستهای خبری تکرار کرد #دشمن دنبال نا امید و عصبانی کردن مردم است حتما ازش خواهم پرسید نا امید و عصبانی کردن هزاران نفری که ازتون بلیط خریده بودن و راهشون ندادید ورزشگاه، کار کدوم #دشمن بوده؟ #ورزشگاه_آزادی",anger,anger,anger
ای لعنت بهت سوزان روشن,hate,hate,hate
"چقدر جالبه،بمونید برای هم ",surprise,happiness,happiness
 نه تنهایی چرا.وقتی امثال شماروداره دیگه غم نداره. اصلا دشمن باهاتون بشکن میزنه????,happiness,hate,hate
والله اساتید ما از خاطراتشونم بعنوان منبع امتحانی استفاده میکنن ,surprise,surprise,surprise
به چشم خواهری خیلی خوبی  ,happiness,happiness,happiness
"این بماند که دختر برادر خانومم بهم میگه اندی، هنوز ربطشو پیدا نکردم!    دیشب میگه:  - اندی  + بله عمو جان  - تو شکمت نی نی داری؟!  + نه عمو جان    - پس چرا شکمت گنده‌س؟!!  من    بقیه    شما هم کوفته    هر کی بخنده بلاک میشه!",anger,happiness,happiness
گربه منم همین فوبیا رو داشت!... قدرت خدا ,surprise,happiness,surprise
"...ساعت پرید پرده به همراه باد رفت او را فشرده بودم در هاله ی حریق می خواستم بگویم اما شگفت را انبوه سایه گستر مژگانش چون ریشه های پرده ی ابریشم جاری شدند از بُن تاریکی در امتداد آن کشاله ی طولانی طلب و آن تشنج، آن تشنج مرگ آلود تا انتهای گمشده ی من..! #فروغ_فرخزاد",sadness,sadness,sadness
کیرم تو تک تک تون بااااای از همه تون بدم میاد و کیرم تو دانشگاه من حالم خوب نیست اعصابم کیریه نیاز دارم با خودم خلوت کنم هر چند میدونم به کیرتونه,anger,anger,anger
خیلی نامردیه که «الگوی تهیه مقاله»شون رو یه فایل ورد گذاشتن! و همهی توضیحاتم با توجه به ورد داده شده!! لعنتیا! لااقل تبدیل به pdf میکردید قیافهش نریزه بهم تا من بتونم مشابهش رو با تک درست کنم :| #مملکته پ.ن: اینقدر بدم میاد این مایکروسافتیا فکر میکنن فقط خودشون وجود دارن!,hate,anger,anger
من هر۲تاشم   پس خیلییی ترسناکم  ,fear,fear,fear
کارگردان فیلم #قلاده_های_طلا مفتخر به کسب بهترین تشویق ها از سوی رهبر معظم انقلاب گردید. درود بر شما #ابوالقاسم_طالبی,happiness,happiness,happiness
"هی آدمو ناراحت میکنن بعد میگن ""ناراحت نشو حالا"" :((( خو مگه کرم داری؟ دله دیگه میشکنه",sadness,anger,anger
چه ترکیبیه اخهه ,surprise,surprise,surprise
چقدر آسیب و تنفر و رقابت و جنایت بود تو این توییت  ,surprise,hate,hate
مثل اینکه علی فرفری سرش کلاه رفته   جمهوری اسلامی چند میده مگه ؟ بفرست برای صداوسیما بگو منم همین قدر میخوام,surprise,anger,anger
"باید متذکر شد ،که با حلوا حلوا گفتن دهان شیرین نمیشود . مدیریت جهادی ،قاطع، بدون نقص ، مدیری که در کنار زیر مجموعه خود در کارهای فیزیکی برای پیشبرد اهداف،بدون هیچ ابایی شرکت می کرد. روحت شاد مرد تکرار نشدنی #روحت_شاد",sadness,happiness,happiness
آفرین این خوبه اگه فیلم رو میخواین ببینین اول این مطلب رو بخونین #FantasticBeasts2 …,happiness,happiness,happiness
" ✨با پایه شگفت انگیز دو هزار تومان+یا رب نظر تو برنگردد -تو نه و شما،بگایی بفرستید برای این بی ادب",anger,anger,anger
از الان از ترس اینکه تاسوعا و عاشورا راه های شمال بسته بشه ریختن جاده چالوس جا نمونم یه وقت   همینقدر...,fear,fear,fear
شاد باشید همیشه بلند خندیدن و شادبودن بدترین انتقامی هست که از این روزگار تلخ میشه گرفت.,happiness,happiness,happiness
خیلی ترس داره بنظرم ,fear,fear,fear
منم فعلا با این مریضی جدید نظری ندارم میترسم مغزم ناراحت شه باز بزنه شت و پتم کنه ,fear,fear,fear
"حقیقت جالب دربارهF.A.T.F:عربستان و اسرائیل ناظراین انجمن هستندوجالبتر آنکه عضو انجمن نیستند.حال شما تصور کنیدبا دادن اختیار به این دو زامبی چه بلایی سرمون خواهد آمد.کسیکه به دنبال این طرح است،اسمش را درکنار غلامحسین تنگکی (نفوذی قاتل رییسعلی) درتاریخ منفور خواهندکرد. #خيانت_FATF",hate,hate,hate
مردم از گشت ارشاد متنفر هستند,hate,hate,hate
اسکار بهترین نذری تاریخ هم به هموطنی تعلق میگیره که نذر کرده واسه این بچه ها کفش نو بخره! خنده های بچه هارو ببینید!,happiness,happiness,happiness
اگر با خشم مردم از خواب بیدار نشدید بدانید که یک روز با گلوله برای همیشه به خواب خواهید رفت!  … … #براندازم #IranRegimeChang,anger,anger,anger
من كرمونيم اما يادم نمياد چنين غذايي  ,surprise,happiness,happiness
 مشکل ما همین ترس و خودناباوریه  که هفتادو پنج میلیون نفر از پنج میلیون نفر داریم,fear,fear,fear
از این ننر بازیا بیزارم ,hate,hate,hate
"دیگه یه جور شده نه فقط از شرایط ایران، از آدماشم دارم بیزار میشم، روزشماری میکنم واسه روزی که برم از این خرابشده واسه همیشه.",hate,hate,hate
دانشگاه مگه مسجد داره!؟نمازخونه رو میگید آیا؟ ,surprise,surprise,surprise
نخیرم خوبه  همش که کباب نمیشه ,happiness,happiness,happiness
خدا پدر و مادر مسئولان دیجی کالا رو بیامرزه که جعبه دارو و کمک های اولیه گذاشتن اینجا...آرامبخش معده توش بود...خوردم و منتظرم تا اثر کنه بتونم تمرکز کنم.,happiness,happiness,happiness
خیلی وقته عصبیم سگ شدم ! حق بده بهم ؛ بین یه مشت گرگ زندگی کردن سگ میخواد. سگا همون گرگای اهلین ؛ بپا هار نشم !,anger,anger,anger
" موتورش قویه و خوبهاین کلیپ رو امروز کشف کردم، عالی یه! اما چرا اینقدر ذوق کردم ؟ خوب کلیپش خوبه ولی مهمتر اینکه فهمیدم کار #سینا_حاجی_محمدی ی ی ی یه. دقت کردید «حاجی محمدی» میخواید بدونید با من نسبتی داره؟ خوب نه، فقط از بچگی هر وقت هم فامیل خودمو میدیدم ذوق مرگ می شدم، مثل الان",happiness,happiness,happiness
یه کابل usb خریدم انقدر کند شارژ میکنه که در بهت و حیرت فرورفتم اصلا؟ چشم بازارو کور کردم یعنی؟ این چی بود من خریدم؟ :(,surprise,anger,surprise
"با معلم دختر جلسه داشتم از روش انتقاد سازنده حرف زد گفت آنار در نقد انشای دوستش که گفته تابستان به او خوش نگذشته چون مشهد پر از ""افغانی"" بوده، گفته جمله ت نژادپرستانه ست ما نباید کسی رو به خاطر نژاد، جنسیت و ظاهرش تحقیر کنیم الان سرم ب طاق آسمون چسبیده برید کنار دور افتخار بزنم.",happiness,anger,anger
تعطیله از ترس کرونا  ,fear,fear,fear
واقعا شرایط بدیه ,sadness,sadness,sadness
چجوری اخههههه  ,surprise,surprise,surprise
تخمیتر از حس نکنه از دستش بدم اینه که نداشته باشیش که بخوای از دستش بدی,sadness,sadness,sadness
اوه شت  من بودم همون لحظه اشهدم میخوندم:))),fear,happiness,fear
قربونتون بشم نظر لطفتونه    والا از ترس لو رفتن اسم و فامیلم نبود کتاب داستان و رمان هایی که نوشتم رو معرفی می‌کردم,fear,fear,fear
تو خطرناکی ,fear,fear,fear
"خدا با زنان مهربانتر است امام رضا(ع) از پیامبر(ص) روایت کرد که فرمود: خدای متعال با زنان مهربانتر از مردان است و اگر مردی یکی از زنان مَحرَم خود را شاد کند، خدای متعال او را در روز قیامت شاد میکند. کافی، ج6، ص6",happiness,happiness,happiness
منزجر کنندس  ,hate,hate,hate
"امثال مهدی خلجی و نیما راشدان از جمله دروغگوترین و خطرناکترین دشمنان ملت ایران هستند.ببینین در سمیناری که در سال 2013 در مدرسه مانک در تورنتو که بعنوان کارشناس شرکت کردند چه میگویند.علی الفونه،نازنین افشین جم و اکبر عطری نیز از سخنرانان بودند.لعنت …",anger,hate,hate
میخوام ارامش داشته باشم. ادما نمیذارن. هرچی حذف میکنم. باز یه ادم کیری جدید پیدا میشه برینه به اعصابم,anger,anger,anger
"یا امام جمعه موقت، عجب هوای ترسناکی شد یهو :|",fear,fear,fear
بدم میاد تو هر کاری که میخوایم بکنیم باید سیاست به خرج بدیم! چرا نمیشه صاف و صادق باشیم باهم؟,hate,anger,hate
حیف که نمی توان این بزرگان را تا ابد حفظ گرد  رو حش شاد,sadness,sadness,sadness
