text,sentiment,batch20_label,batch1_label
لطفا پیج من هم سری بزنید,neutral,neutral,neutral
کاشکی ی دکترهم سراغ درمان بیماری مادیابتیهاک چشم وگوش وکلیه وبقیه اعضامون روداریم ازدست میدیم میرفت کاشکی بفهمن چه دردسختیه,negative,negative,negative
ممنون از برنامه خوبتون,positive,positive,positive
چرا و هزاران چرای دیگر... چرا جز مفلوک‌ترین کشورهای جهان هستیم با وجود این همه ثروت؟؟,negative,negative,negative
اقای رشید پور واقعا برنامتون عالی,positive,positive,positive
خداییش روحیم عوض شد,positive,positive,positive
خواهش میکنم امروز در مورد ما نظام قدیمیام صحبت کنین,neutral,neutral,neutral
خیر بهیچ عنوان,neutral,negative,neutral
اقای رشیدپور درود برشما ما بازم ازتون حمایت می‌کنیم برای ادامه برنامه خوبتون امیدوارم دیگه از پایان کار حرف نزنید واقعا ناراحت میشیم,positive,positive,positive
😑 😑 😑 😑 😑 😑,negative,neutral,negative
جمع کنید برید دیگه بر نگردید,negative,negative,negative
منم تمشک و میگفتم تم شک 😂 😂 😂 😂,positive,positive,positive
آقای رضارشیدپور,neutral,neutral,neutral
چرا اینقدر دروغ میگن شش درصد سود تسهیلات بافت فرسوده در حالی که NUM۲ درصد میگیرن در واقعیت,negative,negative,negative
سلام این عینکتون خیلی قشنگه اقای رشید پور😂 اهنگ عربی هم بزارید😍,positive,positive,positive
توی این یخبندان همش به یاد زلزله زده هاییم که توسرما یخ زدن حالم اصلا خوب نیست کاش میشد کاری از دستم برمیومد👹,negative,negative,negative
خانم نرگس کلباسی که تواین چندماه به مردم زلزله زده کرمانشاه پابه پاشون مونده وکمک میکنه بدون اینکه شبکه تلویزیونی نشانش بده صادقانه توهمون سختی داره زندگی میکنه,positive,positive,positive
با سلام خدمت مجری خوب و توانمند. برنامتون فوق العادست. این روحانی که امروز اومده بود اصلا نمیذاشت شما صحبت کنید که وقت کشی کنه و ازش انتقاد نشه. و خرابکاریاشون رو نشه. واقعا متاسفم,negative,negative,negative
رود بر شما ما کارشناسان و کارشناس ارشدان مخابرات کرمان به دلیل درخواست حق قانونی خود بهمن سال NUM۲ به دلیل واهی اخراج شدیم. با تلاش فراوان و با وجود لابی‌گری‌های مخابرات (به دلیل موضع قدرت این شرکت در کشور) برگشت به کار شدیم. اما همچنان موفق به بازگشت نشده LINK گرفتنیست! این جمله واقعیست یا افسانه دیگریست از افسانه‌های ایران زمین؟ حدود NUM۲ خانواده از مزایای کار محروم شده_اند چون مخابرات بجای پرداخت حق پرسنل خود برای تبلیغات پول‌های میلیاردی خرج می‌کند. اگر چه حق گرفتنیست افسانه است اما برده داری نوین کاملا حقیقیست.,negative,negative,negative
سلام حوش به حالتون که انقدر میخندید بیکاری شوهرم خنده از رو لبای من و بچهام برده,negative,negative,negative
اغاز هر صبح با حالا خورشید... دست مریزاد به جناب رشیدپور عزیز,positive,positive,positive
شهرری بعد چند وقت آلودگی واقعا شگفت زده_شد,positive,positive,positive
دستکاری شدن... سهمیه کم بوود.. درصدامونو جا ب جا کردن... خدا نگذره ازشون,negative,negative,negative
۳ ولی حامد بهداد کو,neutral,neutral,neutral
خیلی اشغالی,negative,negative,negative
بله راضی هستیم خیلی خوب هست,positive,positive,positive
سلام اآقای رشید پور من همه برنامه هاتون رو میبینم ولی اولین باره که کامنت میزارم از وقتی که شنیدم برنامه داره تموم میشه یه دلتنگی خاصی تو دلم جا کرده من هر روز با صدای شما از خواب بیدار میشم و این دلتنگی من رو اذیت میکنه,negative,negative,negative
ایوالله به رشیدپور با سواد دوست دارم,positive,positive,positive
رضا رشیدپور مهران مدیری جواد خیابانی علی دائی علی کریمی دکتر جواد ظریف,neutral,neutral,neutral
کانال علمی راه انداختیم. از شما فرهیخته محترم دعوت می‌کنیم به ما بپیوندید. با تشکر,neutral,neutral,neutral
رضا رشیدپور جواد خیابانی,neutral,neutral,neutral
"این دیوث خایه مال کیه اوردین. هی از کون آقا آقا میخوره.، حرومزاده...",negative,negative,negative
ما همه جوره منتظره پایتخت ۶هستیم,neutral,neutral,neutral
چقدر این کتاب خوب بود وای چقدر عجیب بود برام که تو برنامه حالا خورشید میبینم ابن کتابو. این کتاب مدتها زندگی من رو تو دالان خودش نگه داشت و اسیر کرد عااالیی بود.,positive,positive,positive
"سلام جناب رشید پور عزیز درود ب شرف و انسان دوستیت خدایی عجب جواب دندان شکن و مشت کوبنده‌ای ب دهان یاوه گویی ک خودش رو ارشد و اعلم‌تر از همه و افکار عمومی رو ب سخره گرفته_بود زدی، خدا همیشه همراه و نگاهدارت باشد رضا-رشیدپور",positive,positive,positive
اقای رشید پور شما هم بحران برف را مدیریت میکردین. اخرش به تعطیلی میکشاندین بعدش میرفتین خانه هاتون. تمام شد رفت,negative,negative,negative
بهتاش در پایتخت ۶هست؟,neutral,neutral,neutral
"این سریال رو تو زمان افطار ماه رمضان پخش کنید بهتره، توی عید همه‌اش مهمونی و مسافرت و... کلی از قسمت‌ها از دست میره",neutral,neutral,neutral
"لطفا پیگیر لغو قانون ظالمانه تاثیر قطعی معدل در کنکور باشید. آیا سوالات برای همه قبل جلسه لو رفته؟ آیا کسی که در روستا درس میخواند سطح برابری با کسی که در بهترین مدارس پایتخت و کلان شهرها درس میخواند، دارد؟",neutral,negative,negative
اسم ما رو هم بخونین مهرشاد از کرمان راستی خیلی لاغر شدین,neutral,neutral,neutral
کاش مدیری بهش میگفت جهرمی تو دیگه دست هر چی پارتی دار رو از پست بستی,negative,negative,negative
خسته شدیم بخدا,negative,negative,negative
"اگه امروز پسر خوبی باشی وپارازیت ندی، قول میدم بزارم یکروز توبا مهمونمون مصاحبه کنی😉 😉 😉",neutral,positive,positive
لطفا آقای رشید پور پیام بنده را بخوانید مسعود شمس از تهران,neutral,neutral,neutral
اقای احسان علیخانی,neutral,neutral,neutral
بهترین مجری جهان عزیزم زنده باشی من از این ور کره زمین تا نیمه شب بیدار میمونم که برنامه زیبای شما را ببینم,positive,positive,positive
فقط عشق جان هیراد,neutral,positive,positive
آقای رشید پور خیلی خوش اومدید. خوشحالمون کردید,positive,positive,positive
سلام آقای رشید پور نمیدونم با خودم چی فکر کردم که دارم اینجا برای شما این‌ها رو مینویسم چون NUM۳ درصد مطمئن هستم حتی نگاه هم نخاهی کرد ولی از صبح امروز تا الان یه حسی مدام بهم میگفت اینکار رو بکن تا الان که به جبر دارم مینویسم من از استان یزد شهر میبد هستم اسمم ابوالفضل بیغرضهست NUM۲ سالمه آقا رضا اگه شما با کمک تلوزیون بتونی جلوی یتیم بزرگ شدن دوتا بچه‌های منو بگیری آیا اینکار رو میکنید. دوتا پسر هام ۳ساله و ۵ساله را از بی مادر بزرگ شدن نجات میدی باتشکر NUM ۱۱ تلفن من,neutral,neutral,neutral
سیستان را دریاب,negative,neutral,neutral
چهره موسیقی ایران تمام دختران و زنان هنرمند خوش صدا و آزاده سرزمینمون هستند که چهل ساله صدای گوشنواز و آسمانیشون از مارکت موسیقی ایران عزیزمون حذف شده,negative,negative,negative
واقعا عالی هستی هم شما هم اقای رشیدپور عزیز ممنون از برنامه خوبتون🌹 🌹 🌹,positive,positive,positive
تو رو خدا به مردم بگو که درسته مشکلات داره ما رو نسبت به هم بی رحم میکنه ولی ما ایرانیان پرچم دار عاطفه و جوانمردی هستیم و میخواهیم بمانیم,negative,positive,negative
دارم برنامتونو میبینم,positive,neutral,neutral
به نظر من مردم اهواز هستن که بااون وضعیت دارن زندگی می‌کنن وکسی هم ککش نمی‌گزه,negative,negative,negative
فهیم بدین به رحمت دیگع😂 😁,positive,positive,positive
بابام میگه من به بیسکویت گرجی میگفتم بیسکویت کرجی😂 😁,positive,neutral,positive
اصلا باورم نمیشه کسی با دیسیپرین آقای تنابنده تونسته نقش نقی معمولی رو بازی LINK خیلی جدی هستن تو برنامه آقای LINK نشون دهنده هنر بینظیر ایشون هست.,neutral,positive,positive
حمید فرخ نژا د,neutral,neutral,neutral
"آقای رشیدپور، جوادخیابانی وعلی دایی",neutral,neutral,neutral
سلام آقای رشیدپور لطفا در مورد پاداش بازنشستگان ورزش و جوانان بگویید یک سال نمیدن ارزش دریافتی تمام شد,negative,negative,negative
بهتره بگیم چهره خوش سیبیل سال... دسته بیل سال چهل وپنجاهبیل سال,negative,negative,negative
ما اپراتورهای پست‌های برق فشار قوی چهار سال است که خواهان تبدیل وضعیت از قرارداد مشخص به قرارداد دائم هستیم. و تمام مجوز‌های لازم را از سازمان مربوطه گرفته_ایم و وزیر سابق نیز در در روز‌های اخر وزارت دستور تبدیل وضعیت را طی یک بازه زمانی سه ماهه داده_است اما تاکنون اجرایی نشده_است. لطفا از وزیر بپرسید چرا این بخشنامه اجرا نمی‌شود.,negative,negative,negative
ممنونم از برنامه خوبتون,positive,positive,positive
سلام آقای رشید پور خدا قوت,positive,positive,positive
آقارشیدتورا به هرکی که بیشتردوست داری قسم بامن حتماحتماحتماتماس بگیرکاواجب دارم ۰۹۱۴۷۳۴۹۴۲۳,negative,neutral,neutral
واقعا تا کی باید ما ملت تاوان بی مسئولیتی مسئولین بی کفایت رو بدیم؟!!!,negative,negative,negative
به به چه عالی 👍 👍 💋,positive,positive,positive
خانم داوران,neutral,neutral,neutral
اقای رشید پور بهترین بهترین چهره سال هستند,positive,positive,positive
LINK کننده هسش,neutral,neutral,negative
برنامتون عالیه حالا خورشیدیها خواهش میکنم قطعش نکنین,positive,positive,positive
فرهنگیان فراموش نشوند,neutral,neutral,neutral
با عذرخواهی از اقای تنابنده ولی بهتاش خیلی باحال‌تر از بقیه بازیگران است,positive,positive,positive
منه کم بینای بیکار ک زندگیم یک ریالم ارزش نداره والا,negative,negative,negative
به اقای تنابنده بگید یه بار بگه ویورره 😂,positive,neutral,neutral
گفتگو خوبی بود,positive,positive,positive
به هیچ وجه,negative,negative,negative
تکرار برنامه ساعت چندهست,neutral,neutral,neutral
درباره‌ی اون خانم ک توی رستوران مترجم بودن بپرسین,neutral,neutral,neutral
پایتخت NUM۱ کی پخش میشه؟,neutral,neutral,neutral
اقای رشید چهار تا سوال درست از روحانی نپرسیدی از قبل هماهنگ شده_بود چی شد پس وعدهای انتخاباتی چی شد پس وعدهای برجام کل مملکت تعطیل کردن تمام پیشرفت هامونم تعطیل اینم وضع الان مردم همش دروغ روحانی فقط خیانت کرد به مردم با دروغ همه رو گول زد,negative,negative,negative
انشالله خوشحال میشم,positive,positive,positive
"دادگستری کرمانشاه حکم زندان منو داده بخاطر یک سکه سکه‌ی تومنی شده چهارتومن اخه قوه قضاییه چه وضعشه واقعا، چرا اینارو نمیگین خدااا",negative,negative,negative
برنامه تون عالیه آقای رشید پور شما بهترینی,positive,positive,positive
بهتاش دعوت کنید برنامه,neutral,neutral,neutral
سلام رشید پور انصاف داشته باش این روزها میگذرد,negative,neutral,neutral
نه نه اکثر همکاراتون خیلی نامردن شما و امثال شما خیلی معدود هستین,negative,negative,negative
"آموزشگاه هنرمندان راگا اگر میخواهید آموزش لاکچری موسیقی داشته_باشید با ماتماس بگیرید تلفن: NUM۸ تلگرام: NUM NUM۲ TAG مدیریت خانم رفیعی آدرس: میدان شهرری، ابتدای جاده قم، روبه روی پاساژ مهدی، مجتمع پدیده طبقه دوم، واحد NUM۳ TAG آموزش موسیقی موسیقی موسیقی ایرانی موسیقی جهانی موسیقی پاپ پیانو گیتار گیتار کلاسیک گیتار فلامنکو گیتار پاپ ویلون فلوت سنتور تار سه تار کمانچه تنبک دف تنبور نی موسیقی کودک بلز فلوت ریکوردر پیانو کودک تئوری موسیقی سلفژ آواز آهنگسازی",neutral,neutral,neutral
۱عالی و معرکه بود برنامه تون,positive,positive,positive
اقای رشیدپور عزیز و پر انرژی ک صبح‌ها واقعا ب من یکی انرژی میده برنامه شما هستو خدایی میگم در طول این این چند دهه گذشته برنامه‌ایی زنده مثل برنامه شما پخش نشده از رسانه یا همین تلویزیون ک کل اعضای خانواده بشینیم نگاه کنیم اخریش ک یادم میاد ک نگاه میکردیم صبح بخیر ایران بود که از شبکه یک پخش می‌شد اونم با اجرای چند مجریایی پر انرژی داشتن مثل اقای اقبال واحدی و اقای نظام‌اسلامی اجرا میکردن در کل بگم تیم حالا خورشید دست مریضاد خسته نباشین و خدا قوت,positive,positive,positive
کمپین حمایت از حقوق فرهنگیان TAG این فیش حق من معلم نیست TAG بطحایی پاسخگو باش TAG معلم جواب میخواهد TAG این فیش حقوقی حق من نیست TAG نادیده گرفتن حق معلم TAG بی‌توجهی و سکوت TAG تبعیض در حالا خورشید TAG اجرای قانون بازنشستگی پیش از موعد فرهنگیان,negative,negative,negative
واقعادوست داشتی هستش,positive,positive,positive
رشید پور زمان شاه را گفت هل شد,neutral,neutral,neutral
وقتی دهه NUM۲ و هفتاد و نو رای بدن همین میشه دیگه,negative,negative,negative
با اینکه استقلالی هستن. ولی ما دوسش داریم,positive,positive,positive
سلام رشید پور محمد هستم از ملاپیری. هوا بهاریه,neutral,neutral,neutral
سلام اگر ممکنه از کلمه سی تی اسکن تو برنامتون استفاده نکنید به نظر جالب نیست مجناب رشید پور,negative,negative,negative
چرا وزیر آموزش و پرورش پاسخگو نیست,positive,negative,negative
روحشان قرین رحمت الهی باد.,negative,positive,positive
"باقالی شویی یوسف آباد ب استقبال نوروز NUM۲ بروید، تلفنها در NUM۳ ثبت شده",neutral,neutral,neutral
برنامه NUM۱ صبح شروع میشه,neutral,neutral,neutral
سلام آقای رشیدپور گفتن به خانوادههایی ۲معلولی NUM۲ میلیون وام بلاعوض میدن دروغه ما دومعلولی هستیم وام NUM۱ میلیونو به زور بهمون دادن بااقساط ماهیانه لطفا پیگیرئ کنید یزد ID,negative,negative,negative
سلام برنامه بسیار عالیه,positive,positive,positive
اقای رشید پور عزیز به اقای هاشمی وزیر بهداشت بگید که ملت ای ان خیلی دوسش دارن یم انسان کامل ودلسوز برای ملت ایران است وخیلی زحمتکش الهی خداوند هیشه نگه دارش باشه,positive,positive,positive
با سلام. ی کمپانی راه بیندازیم سراسری نه به دروغ LINK همه واجب,neutral,neutral,neutral
منتظر دیدار دوباره شما پر توانتر از قبل LINK از زحمات گروه حالاخورشید🙏 🙏 🙏 💐 💐,positive,positive,positive
بنده خدا دلش پور بود باهمه دعواش میومد 🤔شایدم بدخواب شده_بود که با همه دعوامیکرد🤔خوب شایدم یکی دوست نداشته باشه ادمو دعوت کنه زور که نیست جلل الخالق,negative,negative,negative
مگه داریم؟,neutral,neutral,neutral
فروردینیا کلا آدمای سخت گیرو سخت پسندین! خیلی ایده آل گران...,neutral,neutral,neutral
وارتان دیوان اهل بیت دروغستیزی ادامه دارد TAG دروغستیزی ادامه دارد TAG مافیای کنکور مافیای کنکور گاج ابوالفضل جوکار الگو انتشارات الگو انتشارات گیلنا حرف آخر ونوس حسین احمدی کنکور آسان است امیر مسعودی پرواز کنکوری‌ها سینا تهرانی ایلنا جم تیوی مهدی علی عسگر ID,neutral,negative,negative
توروخدا بگید وضعیت کسانی که نظام قدیم هستند و میخواهند مجدد سال دیگر در کنکور شرکت کنند چه میشود؟؟؟ کنکور جدا برای انها برگزار میشود؟؟؟,neutral,neutral,neutral
آفرین به رضای عزیز 👏 👏 👏 👏 👌 🏿 👌 🏿 👌 🏿,positive,positive,positive
اقای تنابنده از چه طریق با شمال اشنا بودند؟ شنیدم دوره سربازی را در شمال گذروندن؟,neutral,neutral,neutral
لطفا بپرسید پایتخت شش راحله یا همون چو چانگ حضور دارن یا خیر,neutral,neutral,neutral
سلام صبح برفیتون بخیرآقای رشیدپورهمه چی روبیان میکنه کوگوش شنوااونیکه بایدبشنوه نیست,negative,negative,negative
لایک پست خوبی بو,positive,positive,positive
بپرسین پایتخت در قالب روستا و علی آباد قشنگه نه جنگ با داعش,negative,neutral,neutral
عالی هستین عالی,positive,positive,positive
کیرم تو خودتون و ذهنتون,negative,negative,negative
